<?xml version="1.0" encoding="utf-8"?>
<emojicons delete="ace_emoji_delete.png">
	<key>[微笑]</key>
	<string>ace_emoji_1.png</string>
	<key>[憋嘴]</key>
	<string>ace_emoji_2.png</string>
	<key>[色]</key>
	<string>ace_emoji_3.png</string>
	<key>[发呆]</key>
	<string>ace_emoji_4.png</string>
	<key>[得意]</key>
	<string>ace_emoji_5.png</string>
	<key>[流泪]</key>
	<string>ace_emoji_6.png</string>
	<key>[害羞]</key>
	<string>ace_emoji_7.png</string>
	<key>[闭嘴]</key>
	<string>ace_emoji_8.png</string>
	<key>[睡]</key>
	<string>ace_emoji_9.png</string>
	<key>[大哭]</key>
	<string>ace_emoji_10.png</string>
	<key>[尴尬]</key>
	<string>ace_emoji_11.png</string>
	<key>[发怒]</key>
	<string>ace_emoji_12.png</string>
	<key>[调皮]</key>
	<string>ace_emoji_13.png</string>
	<key>[呲牙]</key>
	<string>ace_emoji_14.png</string>
	<key>[惊讶]</key>
	<string>ace_emoji_15.png</string>
	<key>[难过]</key>
	<string>ace_emoji_16.png</string>
	<key>[酷]</key>
	<string>ace_emoji_17.png</string>
	<key>[冷汗]</key>
	<string>ace_emoji_18.png</string>
	<key>[抓狂]</key>
	<string>ace_emoji_19.png</string>
	<key>[吐]</key>
	<string>ace_emoji_20.png</string>
	<key>[偷笑]</key>
	<string>ace_emoji_21.png</string>
	<key>[愉快]</key>
	<string>ace_emoji_22.png</string>
	<key>[白眼]</key>
	<string>ace_emoji_23.png</string>
	<key>[傲慢]</key>
	<string>ace_emoji_24.png</string>
	<key>[饥饿]</key>
	<string>ace_emoji_25.png</string>
	<key>[困]</key>
	<string>ace_emoji_26.png</string>
	<key>[惊恐]</key>
	<string>ace_emoji_27.png</string>
	<key>[流汗]</key>
	<string>ace_emoji_28.png</string>
	<key>[憨笑]</key>
	<string>ace_emoji_29.png</string>
	<key>[悠闲]</key>
	<string>ace_emoji_30.png</string>
	<key>[奋斗]</key>
	<string>ace_emoji_31.png</string>
	<key>[咒骂]</key>
	<string>ace_emoji_32.png</string>
	<key>[疑问]</key>
	<string>ace_emoji_33.png</string>
	<key>[嘘]</key>
	<string>ace_emoji_34.png</string>
	<key>[晕]</key>
	<string>ace_emoji_35.png</string>
	<key>[疯了]</key>
	<string>ace_emoji_36.png</string>
	<key>[衰]</key>
	<string>ace_emoji_37.png</string>
	<key>[骷髅]</key>
	<string>ace_emoji_38.png</string>
	<key>[敲打]</key>
	<string>ace_emoji_39.png</string>
	<key>[再见]</key>
	<string>ace_emoji_40.png</string>
	<key>[擦汗]</key>
	<string>ace_emoji_41.png</string>
	<key>[抠鼻]</key>
	<string>ace_emoji_42.png</string>
	<key>[鼓掌]</key>
	<string>ace_emoji_43.png</string>
	<key>[糗大了]</key>
	<string>ace_emoji_44.png</string>
	<key>[坏笑]</key>
	<string>ace_emoji_45.png</string>
	<key>[左哼哼]</key>
	<string>ace_emoji_46.png</string>
	<key>[右哼哼]</key>
	<string>ace_emoji_47.png</string>
	<key>[哈欠]</key>
	<string>ace_emoji_48.png</string>
	<key>[鄙视]</key>
	<string>ace_emoji_49.png</string>
	<key>[委屈]</key>
	<string>ace_emoji_50.png</string>
	<key>[快哭了]</key>
	<string>ace_emoji_51.png</string>
	<key>[阴险]</key>
	<string>ace_emoji_52.png</string>
	<key>[亲亲]</key>
	<string>ace_emoji_53.png</string>
	<key>[吓]</key>
	<string>ace_emoji_54.png</string>
	<key>[可怜]</key>
	<string>ace_emoji_55.png</string>
	<key>[菜刀]</key>
	<string>ace_emoji_56.png</string>
	<key>[西瓜]</key>
	<string>ace_emoji_57.png</string>
	<key>[啤酒]</key>
	<string>ace_emoji_58.png</string>
	<key>[篮球]</key>
	<string>ace_emoji_59.png</string>
	<key>[乒乓]</key>
	<string>ace_emoji_60.png</string>
</emojicons>