<?xml version="1.0" encoding="utf-8"?>
<root layoutId = "index-item2">
    <!--该布局为右边有一小图样式布局-->
    <linearlayout id = "content" width = "-1" height = "-2" onClick = "onItemClick"
                    background = "#ffffff" orientation = "horizontal" gravity = "centerY"
                  padding= "30 20">
        <linearlayout width = "-2" height = "-2" weight = "1">
            <text id = "title" width = "-1" height = "-2" text="${title}" textSize = "20"
                  textColor = "#000000"/>
            <relativelayout width = "-1" height = "-2" gravity = "centerY">
                <img id = "mark" width = "75" height = "75" src = "${markImg}" visible ="${markVisible}"
                     float = "left|centerY"/>
                <text id = "sourceType" width = "-2" height = "-2" text="${source}" textSize = "13"
                      textColor = "#999999" relation = "rightOf,mark" margin = "10 0 0 0"
                      float = "centerY"/>
                <text id = "comment" width = "-2" height = "-2" text="${comment}" textSize = "13"
                      textColor = "#999999" relation = "rightOf,sourceType"  margin = "10 0 0 0"
                      float = "centerY"/>
                <text id = "time" width = "-2" height = "-2" text="${time}" textSize = "13"
                      textColor = "#999999" relation = "rightOf,comment"  margin = "10 0 0 0"
                      float = "centerY"/>
                <img id = "delete" width = "75" height = "75" src = "res://img/del.png"
                     float = "right|centerY" onClick = "onDeleteClick"/>
            </relativelayout>
        </linearlayout>
        <img id = "newsPic" width="300" height="-2" src="${picPath}" />
    </linearlayout>
</root>